Submission ID,Broker Name,Channel,Broker Tier,Historical Bind Rate for Broker,Industry,Client Size (Revenue $M),Locations,State,Building Value ($),Contents Value ($),BI Value ($),Submission Complete,CAT Zone,Bind Propensity Score,Total Insured Value ($),Expected Value
SUB001,Alpha Risk,API,Silver,0.7820087035588512,Real Estate,205,7,FL,67971663,2668101,7327575,Yes,Yes,0.9755694622033129,11836082,1834938
SUB002,FastBind,Email,Silver,0.4921033564929001,Manufacturing,180,9,CA,83221319,13550304,8187268,No,No,0.9098857224577033,39506320,1807400
SUB003,CoreTrust,API,Silver,0.3194980062874558,Hospitality,250,3,TX,73317207,18174992,6617682,Yes,No,0.9312358072445375,76476651,13972733
SUB004,CoreTrust,Email,Platinum,0.31547789545967175,Hospitality,208,2,IL,68365132,3802590,7704425,No,Yes,0.8764474640028983,42145070,7505134
SUB005,FastBind,Wholesaler,Bronze,0.49399337997343473,Retail,273,7,NY,85788700,9972310,5658570,Yes,Yes,0.8563583295018532,65288809,12955489
SUB006,Delta Insure,Email,Platinum,0.380012468231597,Retail,279,7,TX,56442399,14412034,5323416,Yes,No,0.944396629390329,50949943,17184291
SUB007,Delta Insure,Portal,Bronze,0.31167604816409294,Hospitality,246,4,NY,69380303,16840925,5710766,Yes,No,0.9723750298031617,76536470,7472036
SUB008,CoreTrust,Email,Gold,0.6781068069750884,Manufacturing,256,9,IL,64569226,8118205,1637317,No,Yes,0.9308155105911495,31364497,5367207
SUB009,Beta Cover,Portal,Gold,0.5292615044409453,Warehousing,167,8,CA,66274309,5028476,7858862,Yes,No,0.9023181221293098,35543156,9043732
SUB010,Delta Insure,Email,Silver,0.44462238598632725,Warehousing,294,1,FL,62206970,3986613,6060068,No,No,0.8317849533688344,31755450,5297255
SUB011,FastBind,API,Bronze,0.7500415915082403,Manufacturing,220,1,FL,54961826,4110442,3457532,No,No,0.8106917425209637,97858242,2779892
SUB012,Delta Insure,Wholesaler,Bronze,0.3580694801002628,Warehousing,255,5,CA,88754080,13750045,2666354,No,No,0.8891383580493493,83275858,10597010
SUB013,FastBind,Portal,Bronze,0.7779594144776596,Real Estate,203,6,TX,56636708,3404860,799189,No,No,0.8098699127394843,47726492,8252270
SUB014,CoreTrust,Email,Silver,0.4569833586886764,Hospitality,243,3,TX,59672204,13134994,7008850,No,No,0.9138669263814451,33380568,13931855
SUB015,Delta Insure,Email,Silver,0.7442018361543405,Hospitality,225,9,NY,83604324,8822856,2059049,Yes,No,0.8765458382635543,26856163,13369135
SUB016,FastBind,Email,Gold,0.6014714382397308,Manufacturing,184,6,CA,73250265,17538656,6636821,No,Yes,0.9514378239363939,20342588,1920243
SUB017,CoreTrust,API,Platinum,0.7133536798707437,Warehousing,160,4,TX,71849453,1293502,2874494,Yes,Yes,0.8611296993672367,33929820,4421103
SUB018,Beta Cover,API,Bronze,0.7920065816052322,Retail,210,7,CA,58734143,14639933,9744561,Yes,No,0.9185965401934865,71258617,4402410
SUB019,FastBind,Portal,Bronze,0.44420271890937285,Retail,193,8,IL,90125952,3429782,1004655,Yes,No,0.9075367043510201,64301059,11724646
SUB020,Beta Cover,Portal,Platinum,0.7805677427037965,Warehousing,270,9,FL,86672545,6956825,736824,Yes,No,0.8009424851044483,66719600,17143024
SUB021,Beta Cover,API,Bronze,0.49474094745121017,Retail,217,6,FL,56060297,5216176,9956587,Yes,Yes,0.8144778796528621,49524109,16105904
SUB022,Alpha Risk,Portal,Silver,0.49275595236846115,Manufacturing,174,6,FL,59171667,9243589,3649409,Yes,Yes,0.8580736424972042,25505393,10578891
SUB023,Delta Insure,Wholesaler,Silver,0.47019355212725283,Manufacturing,233,8,CA,96210871,481325,5048003,Yes,No,0.976447016204153,94854490,15165740
SUB024,FastBind,Wholesaler,Bronze,0.5707038036737926,Warehousing,263,5,CA,70069455,9302134,4525282,No,Yes,0.8294029909799557,87908384,9809609
SUB025,Beta Cover,API,Silver,0.37707252158924354,Retail,281,3,NY,50915108,1063544,4666289,Yes,No,0.9421788660921083,97822722,13284742
SUB026,Alpha Risk,Portal,Silver,0.5768557426790055,Manufacturing,150,3,FL,82207260,2526062,593246,No,No,0.9946733132304575,55554920,17468790
SUB027,CoreTrust,Email,Bronze,0.570852406205002,Manufacturing,280,6,NY,96966011,8309517,5838744,Yes,No,0.958113510538231,35860758,3958963
SUB028,FastBind,Wholesaler,Gold,0.680950906302435,Real Estate,235,2,FL,69161488,7595095,9097494,Yes,No,0.8485890723374088,61372483,11314264
SUB029,Beta Cover,API,Platinum,0.7168249809687928,Real Estate,211,6,NY,82741167,9094359,2867713,Yes,No,0.9816730520826163,42679646,14011582
SUB030,Delta Insure,Portal,Silver,0.520220675156212,Manufacturing,213,6,NY,78132051,10227222,4563068,Yes,No,0.8186214313016781,32163668,4768553
SUB031,Alpha Risk,API,Gold,0.45116662467574686,Warehousing,294,8,IL,51418351,1058379,2784798,No,No,0.8936283883741472,85640089,9677980
SUB032,Beta Cover,Email,Silver,0.4296674486585472,Hospitality,275,7,NY,54917970,13755842,2032337,No,Yes,0.9775083815452827,86766434,9325344
SUB033,Delta Insure,Wholesaler,Silver,0.39731191835243596,Hospitality,254,8,CA,53726713,13300497,1283566,No,No,0.928253141851374,99020709,10263114
SUB034,Beta Cover,API,Platinum,0.32882379109951243,Manufacturing,211,9,NY,92537710,11390492,8096713,Yes,Yes,0.8827289129455398,54044887,10232418
SUB035,FastBind,API,Silver,0.47122398941735666,Manufacturing,184,6,FL,83734548,15893024,1279105,Yes,No,0.8585625733474338,11034780,13620222
SUB036,FastBind,API,Platinum,0.4351238460653916,Manufacturing,162,3,NY,79439292,4127187,7597065,Yes,No,0.87501988106367,50683254,5622776
SUB037,FastBind,Email,Platinum,0.7832086929332036,Warehousing,192,3,TX,81910396,6426981,9805600,No,Yes,0.9017883562018573,70184379,13682774
SUB038,Alpha Risk,API,Platinum,0.578854413125022,Real Estate,279,1,FL,71825461,106464,720326,Yes,Yes,0.8638087859745616,74346562,15981097
SUB039,FastBind,Email,Gold,0.47363851951525376,Manufacturing,260,5,TX,79483553,10078034,5013552,No,No,0.9937935724164599,37733052,6556452
SUB040,Delta Insure,Email,Bronze,0.5902338004968479,Manufacturing,277,4,FL,66616198,15155636,7137935,No,Yes,0.986615530613229,44303477,16110487
SUB041,Beta Cover,Email,Gold,0.36959835067284774,Retail,200,9,CA,80798370,1261140,4022810,Yes,No,0.9741342936428642,40477458,7865999
SUB042,CoreTrust,Wholesaler,Bronze,0.5220218746011014,Warehousing,293,9,CA,76394560,11142682,5980354,Yes,No,0.8843659671045307,55977520,8562635
SUB043,Delta Insure,Wholesaler,Bronze,0.6131171607105319,Manufacturing,295,5,CA,69079906,10323676,7075273,No,Yes,0.9382603538670458,17736085,10479622
SUB044,Delta Insure,API,Platinum,0.5444489158962257,Retail,284,4,TX,65145496,5890233,9789461,No,Yes,0.9805658614071929,83914224,3862750
SUB045,FastBind,API,Silver,0.5008894003271621,Hospitality,194,7,IL,50722153,17142255,4947321,No,Yes,0.9700858975357856,42489400,14368284
SUB046,Alpha Risk,Wholesaler,Platinum,0.7969241944498491,Manufacturing,191,6,FL,78778554,16496352,1151824,Yes,Yes,0.8828654028040416,48116218,7785932
SUB047,Beta Cover,Portal,Silver,0.7401573810744635,Manufacturing,284,4,CA,53446010,2176259,3406405,Yes,No,0.8224772098644522,46655436,3578305
SUB048,Alpha Risk,Wholesaler,Bronze,0.61170297907972,Retail,164,2,FL,99215310,10689887,6366645,Yes,Yes,0.81512607276691,98073522,19033166
SUB049,Beta Cover,Email,Platinum,0.5846886805911413,Warehousing,209,1,TX,98132181,12779338,8569552,Yes,Yes,0.9154128090451406,97698277,13215841
SUB050,Beta Cover,Wholesaler,Silver,0.6103302399122921,Manufacturing,189,4,IL,56492922,18273318,5069146,Yes,Yes,0.9285255870421864,55843878,10939139
SUB051,Alpha Risk,Email,Gold,0.4006560539112166,Hospitality,261,4,TX,90870277,16881227,2970856,Yes,Yes,0.9699685209194049,53658912,4696458
SUB052,Delta Insure,API,Silver,0.4975688716321593,Manufacturing,226,1,FL,69346611,18841940,3639782,No,Yes,0.8585030040682062,33210780,13664860
SUB053,Beta Cover,Portal,Platinum,0.31972976644544965,Hospitality,254,6,IL,53332951,12702694,2150224,No,No,0.8334940981100085,40553797,15934721
SUB054,Alpha Risk,API,Gold,0.5377730187434133,Real Estate,256,4,IL,97821382,16027403,1848055,No,No,0.8758011666356399,96096926,19392486
SUB055,Beta Cover,Email,Silver,0.5715122919788316,Real Estate,271,1,TX,50311416,14771009,9744391,Yes,Yes,0.870715024726455,64760408,18866316
SUB056,CoreTrust,Email,Silver,0.4138748680516048,Hospitality,229,1,CA,57129343,8921549,5595670,No,Yes,0.826493790803571,96195311,7445860
SUB057,Delta Insure,Email,Silver,0.7820144235827569,Warehousing,274,1,FL,63603581,11677795,2730653,Yes,No,0.9344565305026304,58677728,14778324
SUB058,FastBind,Portal,Silver,0.754727305468621,Manufacturing,283,8,NY,72612831,19585901,1084942,Yes,Yes,0.9017383881458753,53447859,6925803
SUB059,Beta Cover,Wholesaler,Silver,0.661071617727953,Manufacturing,181,8,NY,54924191,703151,5063870,No,No,0.9442245512229532,57955593,5675195
SUB060,CoreTrust,API,Gold,0.5666933143826813,Real Estate,257,2,TX,63970740,15689702,1920654,Yes,No,0.870538224033947,75135063,9131526
SUB061,FastBind,API,Bronze,0.7349845798238425,Hospitality,263,7,FL,62809213,16191794,9612111,No,Yes,0.8651404423155404,64827081,1384903
SUB062,FastBind,Wholesaler,Gold,0.36532617191173145,Manufacturing,295,8,FL,99192004,15149737,8855425,No,No,0.8945151706087712,65547432,14716989
SUB063,Beta Cover,API,Gold,0.6952548971374425,Manufacturing,217,8,TX,84379197,8211184,6369494,Yes,Yes,0.9754814690790294,44394700,19545623
SUB064,Alpha Risk,Portal,Gold,0.36241040698342414,Warehousing,276,7,FL,67684867,14467204,9237456,No,Yes,0.8080562613467961,49683458,6521980
SUB065,Beta Cover,API,Bronze,0.6971053312747026,Retail,284,5,CA,59782357,7385387,1981177,No,No,0.9609665634592944,15770938,8249433
SUB066,CoreTrust,Email,Platinum,0.43788378412567847,Real Estate,263,1,TX,72824162,4544910,666991,No,No,0.8737975225315513,66889249,15659576
SUB067,FastBind,Wholesaler,Bronze,0.7385452905090945,Real Estate,157,9,CA,80272080,831636,4791256,No,Yes,0.9709238051576956,38896688,2540710
SUB068,Beta Cover,Portal,Gold,0.7720210469126989,Retail,213,7,FL,73479921,13243097,4492942,Yes,No,0.9604406017671713,18441243,4346386
SUB069,Alpha Risk,Wholesaler,Silver,0.3743979847025578,Manufacturing,284,2,TX,67767607,6581093,5160110,No,Yes,0.8697522494792177,89712722,16568577
SUB070,Beta Cover,Portal,Silver,0.5313378025326967,Warehousing,190,6,FL,87803799,17563506,9764666,No,No,0.9387753070643232,21652065,5294329
SUB071,Delta Insure,Email,Gold,0.7904936890813425,Warehousing,189,2,TX,73612300,10249777,6414063,No,No,0.8319265513546881,72906336,8750981
SUB072,Alpha Risk,Wholesaler,Silver,0.5417037179865734,Real Estate,152,1,FL,50587069,7653925,8991485,Yes,Yes,0.9792563104327576,12791671,2199728
SUB073,CoreTrust,API,Gold,0.7317737612572726,Warehousing,294,7,CA,70724277,3316662,8498883,No,Yes,0.880898212890382,97317623,19321208
SUB074,FastBind,Portal,Silver,0.5943657610656599,Retail,259,2,CA,52315138,2464825,8461813,Yes,Yes,0.8911251230710401,33740482,2959484
SUB075,Beta Cover,Wholesaler,Bronze,0.4876649539598009,Manufacturing,263,2,FL,99633572,10942502,7462544,No,No,0.941151810207397,47632572,13772955
SUB076,Alpha Risk,API,Platinum,0.4428917777629351,Retail,261,5,TX,90140674,13440494,5618805,No,Yes,0.9641680473409702,77026839,15588701
SUB077,Delta Insure,Wholesaler,Platinum,0.4016115455430436,Hospitality,299,5,NY,79875646,2280139,2045329,No,Yes,0.8472685486656419,74391870,12332038
SUB078,Alpha Risk,Wholesaler,Bronze,0.6808990956888485,Real Estate,153,7,CA,50549666,3819194,3572753,Yes,No,0.932270027975399,35262572,12599816
SUB079,Delta Insure,Wholesaler,Bronze,0.4932702534115139,Warehousing,283,1,CA,53983027,3383737,891670,Yes,No,0.8783996087778297,70168854,1767128
SUB080,CoreTrust,Portal,Gold,0.5556377311003755,Hospitality,175,8,NY,91230294,1532672,5126043,Yes,Yes,0.8737405848007923,39989149,5509408
SUB081,FastBind,API,Gold,0.546162740000591,Warehousing,288,3,FL,76332571,17441390,8127339,Yes,Yes,0.9380051647881309,84575761,1434368
SUB082,CoreTrust,Email,Gold,0.5886395146165656,Manufacturing,166,4,TX,91901563,18499779,1850339,Yes,Yes,0.8774366548311869,78024631,12954802
SUB083,Beta Cover,Portal,Silver,0.732788572812276,Manufacturing,241,9,FL,95827857,5957846,4234942,Yes,Yes,0.8692217000328816,52244404,17370193
SUB084,Alpha Risk,Portal,Gold,0.7903696717917147,Manufacturing,180,4,IL,54782969,6941023,8929241,No,No,0.9671776816252485,53270918,7077449
SUB085,Delta Insure,Portal,Bronze,0.5037921042869085,Warehousing,293,5,CA,78301216,10696536,9940501,Yes,No,0.8202552247662013,25547488,2167498
SUB086,Delta Insure,Email,Platinum,0.7137594610531515,Hospitality,256,7,IL,52059417,12260068,4350404,No,Yes,0.9351785245660421,38208068,3933811
SUB087,Alpha Risk,API,Silver,0.6822638973273588,Manufacturing,295,4,CA,91351983,2565596,8292590,Yes,Yes,0.849745078758125,75166972,4833538
SUB088,Alpha Risk,API,Gold,0.5867644757277866,Hospitality,260,1,CA,57794087,15942433,3321105,Yes,Yes,0.8030996483652381,63701063,14715921
SUB089,Beta Cover,API,Silver,0.7780235718059665,Warehousing,250,9,IL,87742864,4505113,1426109,Yes,No,0.8333528537745385,59942451,11559464
SUB090,CoreTrust,Wholesaler,Silver,0.4002372577642014,Hospitality,261,4,IL,71587590,1513967,8159564,No,Yes,0.9213323059551736,37275395,9919757
SUB091,Delta Insure,Wholesaler,Gold,0.3546321051548107,Warehousing,211,9,FL,68609976,13216197,5955249,Yes,Yes,0.9418254382971875,97589793,18015582
SUB092,Beta Cover,Wholesaler,Silver,0.726980983477711,Warehousing,261,6,IL,80283124,5166447,1208669,Yes,No,0.8042115567112641,21881412,7877037
SUB093,CoreTrust,Email,Platinum,0.5195749083168741,Real Estate,265,1,FL,82102967,7818221,6818499,No,No,0.8072850886603441,10381856,9457123
SUB094,Beta Cover,Wholesaler,Bronze,0.7234844271035302,Warehousing,184,3,FL,99748126,6956604,4727939,No,Yes,0.9805084229685906,30542660,9805348
SUB095,Delta Insure,Email,Bronze,0.7465451025977075,Warehousing,177,2,FL,81227450,10171586,2807539,No,Yes,0.814661163622744,57849253,14795925
SUB096,Alpha Risk,API,Platinum,0.3312287968095357,Retail,252,9,CA,86093497,11562734,3096882,No,No,0.9788364317233142,37873913,18718424
SUB097,Alpha Risk,Wholesaler,Silver,0.7417323814930303,Manufacturing,274,1,CA,96731915,15417570,9895499,Yes,Yes,0.8456331827501812,48133529,11448643
SUB098,CoreTrust,Wholesaler,Gold,0.5241595276847111,Real Estate,251,9,IL,77322543,19496438,4447526,No,Yes,0.9480035600316425,47571331,8303667
SUB099,FastBind,Portal,Silver,0.555216244502116,Real Estate,286,9,CA,64989214,2035772,7933976,Yes,No,0.8619466497892024,25528998,16676900
SUB100,CoreTrust,Email,Platinum,0.613296255546605,Real Estate,292,8,IL,68803307,2522952,9616075,Yes,No,0.9717504051218367,72028341,13410534
SUB101,FastBind,API,Silver,0.7631913033650434,Retail,170,8,CA,81695058,15496502,5150100,No,No,0.9400909730848716,47509631,2653005
SUB102,Beta Cover,Portal,Bronze,0.309558047214882,Warehousing,201,1,TX,62489289,15261926,3498851,Yes,Yes,0.8803626917203391,65573977,18218384
SUB103,Beta Cover,Portal,Silver,0.5384217341589086,Manufacturing,246,8,TX,53731622,1961663,4161306,No,No,0.815260490834816,34134159,16799439
SUB104,Delta Insure,API,Platinum,0.6438610212152803,Hospitality,200,3,IL,97466955,5463998,1497057,Yes,No,0.9465400367741614,92068862,6280156
SUB105,FastBind,Portal,Bronze,0.6613534788491142,Warehousing,232,7,CA,74562579,15479025,4174153,No,Yes,0.9233769511930363,94362457,15190299
SUB106,Delta Insure,Email,Silver,0.6462662157685539,Retail,204,1,CA,98860516,9540298,5248584,No,Yes,0.8005823435667578,77507286,16925767
SUB107,Alpha Risk,Email,Silver,0.3672175647040609,Warehousing,226,1,FL,59104687,149768,7803398,No,No,0.8018839711944891,94008017,14072770
SUB108,FastBind,Wholesaler,Bronze,0.4496977941858406,Warehousing,276,5,NY,63595880,5267373,2712292,No,No,0.9617585946385387,44688061,19921824
SUB109,CoreTrust,Portal,Gold,0.4793577627085067,Retail,242,5,IL,86642118,12266879,4870297,No,Yes,0.8518799477603708,27155571,3930299
SUB110,Alpha Risk,Wholesaler,Bronze,0.7022186038397524,Real Estate,237,8,NY,50954227,19140773,4118313,No,Yes,0.9272267335456131,87388841,8818441
SUB111,Alpha Risk,Portal,Gold,0.4393799362072765,Real Estate,229,7,NY,62832377,18977542,1884410,Yes,No,0.8908428839530496,97879691,1628373
SUB112,CoreTrust,Email,Platinum,0.40535248193360157,Manufacturing,241,8,IL,94578506,8606377,9174708,Yes,No,0.9726860029043535,34592105,18410605
SUB113,Alpha Risk,Email,Platinum,0.7787240095190481,Manufacturing,196,6,CA,80691270,397542,7830395,Yes,Yes,0.9833922226204977,21504456,17128112
SUB114,FastBind,Email,Bronze,0.30443164255673444,Real Estate,187,6,IL,87626908,19403513,2548880,No,No,0.9993615425357708,62006907,9379482
SUB115,Delta Insure,Portal,Bronze,0.7989104278409891,Hospitality,288,2,NY,96432969,11769729,2969606,Yes,Yes,0.8307368271614494,20347737,2157260
SUB116,Alpha Risk,Email,Platinum,0.6384106494286979,Warehousing,164,6,CA,95964380,5728573,3539316,No,No,0.9725928092950951,34950408,10764128
SUB117,FastBind,Portal,Gold,0.7142346497245585,Hospitality,150,5,TX,71605192,8191363,1545533,Yes,Yes,0.8532042753457604,16609001,16299289
SUB118,Beta Cover,Wholesaler,Platinum,0.44730969817309657,Warehousing,284,3,IL,86952931,17806080,1785844,Yes,Yes,0.9181631749791016,52370519,7232474
SUB119,FastBind,Portal,Bronze,0.30715763883353,Real Estate,150,6,IL,83612463,6008553,5173584,No,No,0.9011545667738422,57655757,4581311
SUB120,Delta Insure,Wholesaler,Platinum,0.6689347592807651,Manufacturing,198,8,CA,81334729,13450078,1287600,Yes,No,0.8035976263144776,44915196,6182190
SUB121,FastBind,Portal,Bronze,0.7170722985003379,Manufacturing,245,9,TX,91813714,6608526,5001572,Yes,Yes,0.9865542559812189,91322370,13184894
SUB122,CoreTrust,Wholesaler,Bronze,0.6702380659767595,Hospitality,175,1,TX,60306743,13081929,7461848,Yes,No,0.8156654110298437,29948769,13079806
SUB123,Delta Insure,Email,Platinum,0.3714251436504193,Manufacturing,236,3,CA,52451550,8240594,6057821,No,No,0.9376437838815472,80291863,2350093
SUB124,Beta Cover,Wholesaler,Gold,0.6767139611284845,Real Estate,242,3,FL,52081552,9420383,1985619,Yes,No,0.9570013672416524,19514440,9582299
SUB125,CoreTrust,Email,Silver,0.6844613910538204,Hospitality,251,8,IL,82049800,14140779,2338524,No,Yes,0.9590575698095368,76500236,15958251
SUB126,FastBind,Email,Platinum,0.6292702578350274,Warehousing,220,1,IL,96479712,2566511,622026,Yes,No,0.827098903785769,50583878,15912426
SUB127,Delta Insure,Wholesaler,Silver,0.6830579663977931,Manufacturing,289,5,NY,81873953,3395784,5622194,Yes,No,0.8895139901015945,49345172,15877072
SUB128,Beta Cover,Portal,Platinum,0.7229607198388661,Retail,244,3,CA,81921068,11460287,1235053,Yes,Yes,0.965885774086796,35049902,5475687
SUB129,CoreTrust,Portal,Silver,0.6068020571187291,Manufacturing,267,2,NY,80120919,13530286,1062167,Yes,No,0.860535842075751,10850122,10578672
SUB130,Beta Cover,API,Gold,0.3443023569848395,Warehousing,297,8,NY,81225096,6535389,9200349,No,No,0.8935497350749327,90138656,17387412
SUB131,FastBind,Portal,Gold,0.5438139048336055,Hospitality,268,3,TX,90865414,15927610,2158800,Yes,Yes,0.8545587785399692,69241983,12354168
SUB132,Beta Cover,API,Platinum,0.3388246673358025,Warehousing,200,7,IL,67955858,7522235,2307737,No,Yes,0.8927102835770648,33105620,6755327
SUB133,Alpha Risk,Portal,Bronze,0.5037715155162155,Retail,230,1,NY,55381862,4234608,4251531,No,No,0.9775675845185761,43460390,11391754
SUB134,CoreTrust,Portal,Silver,0.5035532445628138,Real Estate,185,6,TX,91534065,1348749,8419710,Yes,No,0.8910248462065539,45416447,3491721
SUB135,Beta Cover,Email,Bronze,0.3330049220701208,Manufacturing,216,3,CA,65233162,11087706,3531301,Yes,Yes,0.9111824034148641,41033811,18459562
SUB136,FastBind,API,Bronze,0.47441026698473965,Hospitality,278,8,NY,61030140,17553553,644454,No,Yes,0.8807952566606168,71170759,5995427
SUB137,FastBind,Portal,Bronze,0.3554990493956574,Real Estate,263,6,IL,66210635,16272473,8181556,No,No,0.8920234366406651,88457828,3931659
SUB138,Beta Cover,API,Gold,0.7041176050046111,Warehousing,260,2,NY,60019577,2123553,754043,Yes,No,0.8030348398092844,90238088,16739434
SUB139,FastBind,Email,Platinum,0.7738440129822354,Hospitality,291,6,CA,51734441,13949214,5337502,Yes,No,0.8567491019920912,57953688,1199542
SUB140,Delta Insure,Email,Platinum,0.3361582376289693,Real Estate,249,7,NY,79650827,2196419,5314647,Yes,Yes,0.8873163443483649,28782680,11108950
SUB141,Delta Insure,API,Gold,0.7775576036458507,Hospitality,258,5,IL,94636414,7266065,6131213,Yes,No,0.9267593951985458,60068499,4483802
SUB142,Delta Insure,Email,Gold,0.5612882996683726,Retail,269,3,TX,91491540,3842918,5424374,Yes,Yes,0.8900103861107784,97903721,17673016
SUB143,Alpha Risk,Wholesaler,Platinum,0.44978283897693694,Retail,228,4,IL,52960841,17421560,2345733,No,Yes,0.8675634086643128,55439465,11339108
SUB144,Beta Cover,Wholesaler,Bronze,0.33843103763808174,Manufacturing,283,4,TX,74522289,18064246,6300629,Yes,Yes,0.8776197470688315,76292037,5084032
SUB145,Alpha Risk,Email,Silver,0.5503121340352088,Manufacturing,168,6,FL,64115491,8308149,8405435,Yes,No,0.8484586658400933,94512856,2223045
SUB146,FastBind,Wholesaler,Silver,0.6972577722453743,Retail,276,1,IL,86147291,8537247,4804388,No,No,0.9848988565548106,21106789,9295445
SUB147,Alpha Risk,Portal,Silver,0.6535432386333491,Hospitality,178,4,IL,57992388,11038814,9902999,Yes,No,0.9043486451581829,28539203,19714199
SUB148,FastBind,API,Bronze,0.32511300573198687,Retail,173,4,CA,72544420,15567488,7821105,Yes,Yes,0.8026818907744246,83632093,19181784
SUB149,FastBind,Portal,Platinum,0.33645091768395174,Manufacturing,159,1,NY,74473340,9085290,973006,No,No,0.8038892516839093,52925139,18538172
SUB150,CoreTrust,API,Gold,0.5014366413163185,Retail,254,9,TX,85473147,4624105,6084581,Yes,Yes,0.9945923269904083,80594946,4554382
SUB151,Delta Insure,Email,Platinum,0.4476452470239716,Retail,294,4,TX,58880121,1980164,7649148,No,Yes,0.844290178274649,59457238,8297881
SUB152,FastBind,Portal,Bronze,0.4161921615280239,Hospitality,204,7,CA,85732322,4476751,8962176,Yes,Yes,0.961121657762863,45105074,5357847
SUB153,CoreTrust,Email,Gold,0.4405022494543568,Real Estate,296,3,CA,62918652,4969236,7756300,Yes,Yes,0.811655060312115,53734865,17562351
SUB154,Delta Insure,Email,Bronze,0.7017413716484423,Manufacturing,151,3,NY,66312999,17257285,1697442,Yes,Yes,0.9842325473389099,21498649,5565861
SUB155,FastBind,API,Silver,0.7646140268159269,Hospitality,296,8,NY,96267957,10647628,1699529,No,Yes,0.9748834007333357,12494903,1499964
SUB156,FastBind,API,Silver,0.5025513472637833,Retail,284,8,IL,69952817,16988173,2290228,No,No,0.9142186324869029,34566499,15734277
SUB157,Alpha Risk,API,Bronze,0.7530555010662485,Retail,260,1,FL,51740584,4834071,7552514,No,Yes,0.8017997314566512,60847679,3997493
SUB158,Alpha Risk,Portal,Gold,0.46074785062394097,Real Estate,187,2,NY,69994412,16515376,2823176,No,No,0.8515621748046676,34003294,8578729
SUB159,Delta Insure,Wholesaler,Gold,0.5382184931718959,Manufacturing,280,8,CA,80173030,19754884,9850466,Yes,Yes,0.881364529479693,32473124,7638784
SUB160,FastBind,API,Platinum,0.41301449890799985,Manufacturing,251,1,NY,95809257,14544539,9360286,No,No,0.8920128233495124,61964396,17916781
SUB161,Beta Cover,API,Silver,0.6202380210879219,Warehousing,244,8,TX,88805640,12948776,6517004,No,No,0.8595357517124744,93296888,14503179
SUB162,Alpha Risk,Portal,Platinum,0.7894905575874045,Manufacturing,241,8,FL,73844479,18072560,4708694,No,No,0.806589573649106,14862944,4428261
SUB163,Delta Insure,API,Platinum,0.6017465480216893,Real Estate,220,2,IL,75286997,9173936,997619,Yes,No,0.9180254811853085,58642458,9190219
SUB164,FastBind,Portal,Bronze,0.4789070420567744,Warehousing,173,4,TX,88998987,516561,718547,Yes,Yes,0.9048309335389512,43919148,6082281
SUB165,FastBind,Email,Bronze,0.6239087229952642,Warehousing,217,6,TX,84716928,14871293,9440203,No,Yes,0.8566001270858156,71394947,5754417
SUB166,Beta Cover,API,Platinum,0.3614603392326938,Retail,122,9,FL,34007653,11564871,4921740,No,Yes,0.5113927902708819,48793791,19104870
SUB167,Delta Insure,API,Silver,0.7443295401326993,Retail,193,8,IL,87705970,16241241,7864534,Yes,Yes,0.7983782561665821,48807519,3627014
SUB168,FastBind,Email,Bronze,0.5515419753899182,Manufacturing,34,8,CA,46330450,7256406,8853135,No,No,0.6445958560479218,5920791,11528542
SUB169,Alpha Risk,Email,Platinum,0.524674871019821,Warehousing,204,7,IL,85659471,4901436,4358804,No,No,0.7268012725322232,42391010,8313184
SUB170,Beta Cover,Email,Platinum,0.5929323942267596,Retail,122,9,NY,41674242,12249321,2825452,No,No,0.6356942105154006,26130020,1447628
SUB171,Delta Insure,API,Platinum,0.6123919313947013,Real Estate,59,2,TX,35433622,14312972,5712360,No,Yes,0.5129510872588824,18231839,6303441
SUB172,Beta Cover,Wholesaler,Platinum,0.3358879031132565,Retail,58,3,NY,39376361,7031344,1428252,Yes,No,0.5928802235256501,26061958,11956200
SUB173,Alpha Risk,Wholesaler,Platinum,0.6413086106117012,Retail,55,8,CA,11647162,724913,9475681,Yes,Yes,0.5960330423017703,9015648,9853143
SUB174,Delta Insure,Wholesaler,Platinum,0.4209658401577648,Warehousing,186,6,NY,71687889,10009801,1100338,Yes,No,0.7515058712147048,59054750,15123720
SUB175,Beta Cover,API,Bronze,0.6569763162532949,Warehousing,120,9,IL,8772217,9406607,574231,No,No,0.6962689933999624,2310646,3648191
SUB176,CoreTrust,Email,Silver,0.7112673971920984,Hospitality,123,4,NY,40582274,19805555,6865062,No,No,0.5826289710918419,9429948,2348894
SUB177,Alpha Risk,API,Platinum,0.7019792537762601,Real Estate,264,8,CA,71989497,10522372,6046686,Yes,No,0.7903219863977258,92031883,7151990
SUB178,Alpha Risk,Email,Gold,0.5762504837039446,Warehousing,82,3,CA,39288891,8737872,4026185,Yes,No,0.5964625497193614,18669959,4550985
SUB179,Alpha Risk,API,Bronze,0.5600849461553756,Manufacturing,152,3,CA,57718742,12495230,4645466,Yes,Yes,0.7994702077486162,44967717,1737550
SUB180,CoreTrust,API,Bronze,0.37143798066970585,Real Estate,271,8,IL,77553666,16580387,3093050,No,No,0.798849107951079,71860539,2798954
SUB181,CoreTrust,Email,Platinum,0.6876730752015678,Real Estate,72,5,CA,37495926,8725146,3613534,Yes,Yes,0.5573631553240226,28691349,11348958
SUB182,FastBind,Wholesaler,Bronze,0.43570469022335717,Warehousing,36,3,TX,7306648,15359027,4100957,No,Yes,0.59382233485652,2330657,10171141
SUB183,Beta Cover,Email,Platinum,0.5483477114089732,Real Estate,78,1,CA,30474534,15902231,6953859,No,Yes,0.6458132595453963,34477650,18706306
SUB184,FastBind,Portal,Silver,0.44213704646375834,Warehousing,102,3,NY,42458301,3709134,9968740,Yes,Yes,0.6992302013443673,48459283,9776510
SUB185,Beta Cover,Portal,Silver,0.36691418149984656,Retail,146,9,NY,17664903,11829160,9405808,Yes,Yes,0.6584142347011398,33108301,19677518
SUB186,CoreTrust,Email,Bronze,0.6147788484458683,Hospitality,190,5,NY,66018797,6730604,5624524,No,Yes,0.7908324407396771,92543136,1684659
SUB187,CoreTrust,API,Bronze,0.3271660174114519,Retail,255,2,IL,86752292,17704366,4877987,Yes,Yes,0.7171967492707074,82109647,9828325
SUB188,FastBind,Portal,Gold,0.6743226170631,Warehousing,106,7,NY,15740829,1886852,4339973,Yes,Yes,0.5636134548148923,36883199,7927416
SUB189,Delta Insure,Portal,Bronze,0.4587933976305583,Warehousing,108,2,IL,38510772,7477426,1863864,No,No,0.5315292650640915,26110847,6385201
SUB190,FastBind,API,Gold,0.30006734650224265,Retail,276,4,IL,52780596,5132793,8036324,No,No,0.7065203872128071,63038781,13179526
SUB191,Beta Cover,API,Silver,0.5555645696186149,Manufacturing,98,7,CA,9040015,13025465,5921251,No,Yes,0.5475357320542289,22596739,12555726
SUB192,FastBind,Wholesaler,Silver,0.32342595426380155,Manufacturing,240,4,TX,54870807,8239480,7728119,No,Yes,0.7363030521007263,88584282,3241105
SUB193,Alpha Risk,API,Platinum,0.4380847789104497,Manufacturing,56,7,CA,25854627,16919353,2460220,No,Yes,0.5933110001781011,46789019,2320307
SUB194,Beta Cover,Email,Silver,0.6534882437278581,Warehousing,37,7,CA,11957038,17016141,3500264,Yes,No,0.598067978916682,49372348,11710632
SUB195,Beta Cover,Email,Gold,0.3313448108109329,Real Estate,61,1,IL,47920509,2733819,9660899,No,No,0.5032395177168536,17017834,17776161
SUB196,Delta Insure,Wholesaler,Bronze,0.7196692461780012,Warehousing,213,6,IL,72533373,5512319,4014674,No,Yes,0.7103033801285122,54638031,6119641
SUB197,CoreTrust,Portal,Platinum,0.30190996132929154,Real Estate,39,9,NY,48250629,12284706,9922487,No,Yes,0.5339809259194057,24399482,6753670
SUB198,Beta Cover,Portal,Gold,0.4234119346009511,Retail,162,2,NY,79162052,475233,3573961,Yes,No,0.7318641732390555,87295027,2095589
SUB199,CoreTrust,API,Bronze,0.6704520280760358,Hospitality,92,3,CA,31631565,13663872,9106776,No,No,0.647560346575162,16960724,14224541
SUB200,FastBind,Email,Platinum,0.4581350748646534,Real Estate,242,5,FL,57356148,14266825,648178,No,Yes,0.7352839444863708,15805333,10302825
SUB201,Alpha Risk,Portal,Silver,0.35094619403300675,Manufacturing,64,9,FL,47649452,10223243,8946731,No,Yes,0.6751779617593224,6516552,13253316
SUB202,Delta Insure,Wholesaler,Gold,0.4801169594002139,Warehousing,90,4,NY,21304297,18835008,2708977,Yes,Yes,0.5247299816056973,18684488,9466721
SUB203,CoreTrust,Wholesaler,Bronze,0.43519664319226276,Retail,157,1,FL,69578545,5128427,1717309,No,Yes,0.729695701011555,87993754,19699008
SUB204,Beta Cover,Email,Platinum,0.7213559510802774,Manufacturing,58,4,NY,38395388,17309194,3870698,No,No,0.520939845468425,15192912,16763922
SUB205,CoreTrust,Wholesaler,Platinum,0.45667395879257155,Retail,124,6,IL,45079870,16765954,8844854,No,No,0.6436105161707997,21851627,13750721
SUB206,Beta Cover,Wholesaler,Silver,0.6944662358880036,Hospitality,70,5,CA,19370051,6083943,7815664,Yes,Yes,0.551704764243489,14979640,19316435
SUB207,CoreTrust,Email,Bronze,0.7459360724053674,Warehousing,298,1,TX,64885447,9642499,5632928,Yes,Yes,0.7257005533933656,44090796,13390870
SUB208,Beta Cover,API,Silver,0.5169087097882648,Warehousing,160,4,CA,58577482,15099412,7374399,Yes,Yes,0.773477368341838,58096263,5589716
SUB209,FastBind,API,Silver,0.754971571927196,Hospitality,31,6,NY,35980624,14199501,9603611,Yes,No,0.6662378490074823,15311631,11878275
SUB210,Beta Cover,Wholesaler,Bronze,0.4886590269815964,Warehousing,79,4,NY,45777585,1860143,6360616,No,Yes,0.6581441882897542,27788986,17646014
SUB211,Beta Cover,API,Bronze,0.782039208245054,Real Estate,280,9,CA,66414776,8714295,2775598,No,Yes,0.7291889588976854,72706720,13679563
SUB212,Alpha Risk,API,Bronze,0.34464476226278645,Retail,109,5,NY,43988394,5639004,5392571,Yes,Yes,0.5015236438927182,30429963,10683733
SUB213,Beta Cover,Wholesaler,Gold,0.6435096332516214,Manufacturing,236,8,FL,81671087,11428309,4991260,Yes,No,0.7753275927905483,29397125,17862611
SUB214,Alpha Risk,API,Bronze,0.5469070202284643,Hospitality,143,9,FL,37702379,19119581,9724610,No,Yes,0.5592346451273396,28899688,16215697
SUB215,Delta Insure,Wholesaler,Platinum,0.4938244027278235,Real Estate,255,5,NY,84028250,2861856,9279116,No,No,0.7952356651478711,81248388,16591040
SUB216,Alpha Risk,Portal,Silver,0.6163559393743004,Manufacturing,288,6,NY,97466959,18948304,6448491,Yes,Yes,0.7208761843881387,36468794,9061792
SUB217,FastBind,Email,Gold,0.6519285458171655,Manufacturing,166,1,FL,70660640,18990264,536160,Yes,Yes,0.7322753443102014,37582031,13948749
SUB218,Alpha Risk,Email,Bronze,0.30218163482515453,Hospitality,55,7,NY,17825630,14869417,519156,Yes,Yes,0.696860894112082,18768209,18870276
SUB219,Delta Insure,API,Gold,0.38347654437359935,Real Estate,149,4,NY,11766699,129813,7916240,Yes,No,0.6414989548355481,36142481,12087562
SUB220,FastBind,API,Bronze,0.6565230253171593,Manufacturing,52,2,CA,23502049,8179823,3070348,No,Yes,0.6714883080083497,26114962,4235863
SUB221,CoreTrust,API,Gold,0.6331927067891032,Manufacturing,85,5,TX,30753195,14129286,3062688,Yes,Yes,0.5139208658045377,27979772,11783675
SUB222,CoreTrust,Email,Silver,0.7830237525643386,Real Estate,81,3,FL,13193421,8762149,7464745,Yes,No,0.6871878528296043,3042361,5383030
SUB223,Alpha Risk,Portal,Silver,0.6805188951253915,Warehousing,77,6,CA,44419151,8396335,5974106,No,No,0.687829430596114,34072822,5169495
SUB224,Alpha Risk,Portal,Platinum,0.775386353865669,Manufacturing,169,8,TX,60302122,16127795,8295807,No,No,0.7673602392205429,60549415,14748887
SUB225,Delta Insure,Email,Platinum,0.6512702507674035,Retail,138,7,NY,30828467,1715181,5414005,No,Yes,0.6516969072290658,18887186,3612761
SUB226,Delta Insure,Portal,Bronze,0.44902610431972156,Real Estate,31,3,NY,42318472,14995769,1381809,No,No,0.5231433122258183,21647249,19772673
SUB227,Beta Cover,Email,Silver,0.3526824611254282,Manufacturing,117,8,CA,27888009,4134649,4999311,No,Yes,0.5918587761446243,23659761,18790287
SUB228,Delta Insure,Portal,Gold,0.6909119316724678,Hospitality,60,2,NY,11553855,11627501,9625805,Yes,No,0.6966888236342953,10034612,14812133
SUB229,Beta Cover,Wholesaler,Gold,0.622074610737958,Retail,56,9,IL,47150667,12334950,6856895,Yes,No,0.5717776588254392,1187486,4275072
SUB230,FastBind,Wholesaler,Gold,0.3240930061966481,Manufacturing,31,4,CA,27559871,1450816,4308282,Yes,No,0.5841583465566202,36183214,11074698
SUB231,Alpha Risk,Email,Platinum,0.48002523295048916,Retail,227,1,TX,70423493,14832408,1145649,No,Yes,0.746140704908256,42990353,9676514
SUB232,FastBind,Portal,Gold,0.7783999077421431,Retail,33,8,CA,23369426,19698274,9101594,Yes,Yes,0.6752959195288127,17708838,6932572
SUB233,Delta Insure,API,Platinum,0.5502005728551006,Warehousing,142,7,FL,7918634,558819,6625488,No,Yes,0.6525582295320718,2733391,3145977
SUB234,FastBind,Portal,Platinum,0.5163645680098523,Retail,42,5,CA,11562344,18085276,8918385,Yes,Yes,0.5955355900417413,26532414,11499637
SUB235,FastBind,Wholesaler,Bronze,0.528849802579647,Warehousing,277,5,NY,57401628,17322090,3902155,Yes,Yes,0.7192784107799101,35260526,3226217
SUB236,FastBind,Wholesaler,Gold,0.40444136200258185,Real Estate,148,7,NY,25661701,16321697,4327271,No,Yes,0.5863155303470088,36757093,1632731
SUB237,Delta Insure,Portal,Gold,0.4843535854323976,Warehousing,283,5,IL,59818968,4028683,5114965,No,Yes,0.7211190552932526,47629773,9750364
SUB238,FastBind,Portal,Silver,0.4849066279935883,Hospitality,60,8,IL,5829119,12098768,698110,Yes,Yes,0.5210304440802326,3929386,19992042
SUB239,Beta Cover,API,Bronze,0.3261775100937362,Manufacturing,287,6,IL,82658904,5101945,4579430,Yes,Yes,0.759362402474625,72589364,11409971
SUB240,Delta Insure,API,Silver,0.6837838142589592,Real Estate,137,5,TX,15286479,7022795,9303235,Yes,No,0.6498699390127799,30919038,9905865
SUB241,FastBind,Portal,Bronze,0.5082522159519395,Real Estate,50,9,IL,49433999,18931264,4232517,Yes,No,0.631552405009691,49494936,5590778
SUB242,Delta Insure,Portal,Gold,0.7110899434082116,Hospitality,135,2,TX,6054853,17940908,3791066,Yes,Yes,0.6833070234625773,29183077,6149387
SUB243,CoreTrust,Portal,Platinum,0.7251740005599476,Warehousing,103,1,IL,10042596,4838637,8264461,No,Yes,0.6872576218688812,18735317,10869865
SUB244,Beta Cover,Portal,Platinum,0.405997027349329,Manufacturing,52,8,TX,11424788,9432439,8619550,No,Yes,0.5396105530669987,47833658,12287967
SUB245,FastBind,Email,Platinum,0.6286767410850642,Warehousing,280,3,CA,53386243,4330013,8836562,No,Yes,0.7268700769448639,43623951,4561497
SUB246,CoreTrust,Portal,Platinum,0.5361409020814909,Retail,61,7,CA,48712859,6172929,5253954,No,No,0.5827784893850189,47848819,18039415
SUB247,CoreTrust,API,Platinum,0.7400783689607425,Warehousing,297,8,NY,92229925,11563403,7105188,Yes,No,0.7714885640509742,68169884,3870524
SUB248,Delta Insure,Wholesaler,Silver,0.40787033958822705,Real Estate,178,6,TX,86999515,13664564,2199547,Yes,Yes,0.7453551990244498,44515087,18914489
SUB249,CoreTrust,Email,Bronze,0.6389066001550221,Manufacturing,134,9,FL,20444816,12362299,4900131,No,No,0.6038798124604245,16985227,4867293
SUB250,Beta Cover,Portal,Gold,0.6038760611263613,Warehousing,201,7,NY,88531469,4151939,6994374,Yes,No,0.7423217879602144,96028004,7107511
SUB251,Beta Cover,Wholesaler,Silver,0.4476507387859164,Manufacturing,144,5,CA,20997653,969953,8138483,No,Yes,0.6069171497899712,11608191,14787878
SUB252,Alpha Risk,Email,Bronze,0.3683004518255863,Manufacturing,75,8,TX,6535410,3198056,9231032,Yes,Yes,0.5302843044908122,37534106,17810950
SUB253,Beta Cover,Wholesaler,Platinum,0.6258198802386383,Retail,250,2,IL,50349760,813806,3440107,Yes,Yes,0.7885664716177124,12292056,17990515
SUB254,CoreTrust,Portal,Bronze,0.6692987290661654,Retail,113,7,FL,36390940,13681565,2550241,Yes,Yes,0.695780604564632,9547596,3771034
SUB255,Beta Cover,Portal,Bronze,0.457813671881675,Real Estate,90,4,CA,12490526,16358427,5434349,No,No,0.6368298579987776,8122759,1671253
SUB256,Delta Insure,API,Platinum,0.6224163020111568,Hospitality,101,9,NY,31905373,16391969,1656245,No,Yes,0.6193320054593119,20389111,7911616
SUB257,Alpha Risk,Portal,Platinum,0.4975654538057516,Manufacturing,100,1,TX,44381710,6774106,5426622,No,No,0.5974116002774792,15444292,2006152
SUB258,CoreTrust,Portal,Platinum,0.6566034416413089,Hospitality,219,7,FL,79579729,5316813,658998,No,Yes,0.7944342786287388,14233384,7615379
SUB259,Alpha Risk,Email,Gold,0.39960763744702654,Real Estate,40,6,TX,16219042,850774,9511603,Yes,No,0.5404241795392722,47243586,11105810
SUB260,CoreTrust,API,Platinum,0.7451075013180872,Manufacturing,137,8,IL,5296177,17802209,4262853,Yes,Yes,0.5944415176761705,14412066,4262331
SUB261,Delta Insure,Email,Gold,0.44370479823278985,Manufacturing,111,5,NY,39733850,17231007,4550230,Yes,Yes,0.645649292084799,16194144,15172716
SUB262,Alpha Risk,Wholesaler,Platinum,0.48389299387807644,Hospitality,144,1,TX,5994199,18261741,6684398,Yes,No,0.6433998635162934,40406805,6015551
SUB263,FastBind,Portal,Gold,0.3290459760401749,Warehousing,135,1,CA,23696614,14061999,8706336,No,No,0.6414099453223531,43870321,15740171
SUB264,CoreTrust,Wholesaler,Bronze,0.3557561061606382,Retail,122,9,NY,11716487,216220,5670310,Yes,No,0.5527351447491146,22227912,5486856
SUB265,FastBind,Email,Silver,0.5579309513561641,Warehousing,118,6,CA,43688215,321421,4961918,Yes,Yes,0.5434797581328502,13603880,15613202
SUB266,Alpha Risk,Portal,Bronze,0.43379633836398573,Hospitality,92,5,TX,33588402,9521077,2308516,Yes,No,0.576430275898586,46323185,10583663
SUB267,FastBind,Portal,Bronze,0.7177401128710972,Retail,170,1,NY,67962838,14038810,1456011,No,No,0.7743578461406169,91275932,2208957
SUB268,FastBind,Email,Platinum,0.3073466943274769,Warehousing,139,6,CA,42747339,15400317,4157905,No,No,0.533915890350353,3873382,7232302
SUB269,Alpha Risk,Email,Gold,0.4895470243359681,Retail,280,6,IL,56630064,13030098,4261509,No,No,0.7272275310119974,71775706,18918982
SUB270,Delta Insure,Email,Silver,0.4686727733845463,Manufacturing,231,3,IL,84099933,18294407,9681563,Yes,No,0.7272645179400115,95276259,10165252
SUB271,FastBind,Email,Platinum,0.3096638154588005,Warehousing,237,8,TX,80662747,3577983,4610993,No,No,0.7429311211691787,51667756,18301874
SUB272,FastBind,Email,Platinum,0.3621841995002551,Retail,260,1,NY,79108395,12920015,9181921,Yes,No,0.7659846466968068,50682512,16230965
SUB273,Delta Insure,Portal,Platinum,0.5068213374593176,Retail,131,1,FL,26976255,17567141,2217355,Yes,No,0.5789108532616791,49827949,17780412
SUB274,FastBind,Email,Bronze,0.5464322922237232,Retail,39,6,NY,48955276,16715507,5548336,Yes,No,0.5673678407806689,42868484,10938256
SUB275,FastBind,Portal,Gold,0.5021448736274345,Warehousing,56,1,IL,10567768,10675002,7348829,No,Yes,0.639651699958244,48679117,16954649
SUB276,FastBind,Portal,Gold,0.565468839206047,Real Estate,41,6,CA,11964587,9535754,5400318,No,Yes,0.5795267506256109,34422146,7105661
SUB277,Beta Cover,Email,Silver,0.5975658374528408,Warehousing,156,1,FL,63404397,14535119,8470043,Yes,No,0.7202929966949323,64103062,8142727
SUB278,Delta Insure,Email,Gold,0.3049619105639178,Hospitality,46,6,TX,9639596,19558694,9021722,Yes,Yes,0.6907818730224301,1746470,17163772
SUB279,FastBind,API,Gold,0.5320475797267519,Warehousing,263,3,FL,99421189,16410714,5185942,No,Yes,0.7624963064157955,70653149,13067196
SUB280,Delta Insure,Portal,Platinum,0.7817496204437941,Retail,55,8,TX,8465495,3093220,7349221,No,No,0.5248214910461215,47290673,3603680
SUB281,CoreTrust,Email,Platinum,0.5595161400647743,Manufacturing,164,6,FL,76244114,9248938,9572684,No,No,0.7745250000074224,26094140,12055901
SUB282,CoreTrust,Email,Bronze,0.6387711337294766,Warehousing,144,1,TX,20999346,3032878,6083161,Yes,No,0.5880045880010268,41622998,18636027
SUB283,FastBind,Email,Platinum,0.4559319289584416,Warehousing,62,5,TX,34677320,2930527,4468178,Yes,No,0.6472083037780952,44515802,14747562
SUB284,Delta Insure,API,Platinum,0.6869956890763813,Retail,91,8,FL,13744047,6273049,639133,Yes,No,0.6315834307818932,36472949,17181752
SUB285,Delta Insure,API,Platinum,0.6864607409380575,Manufacturing,196,3,FL,54206330,15042742,4309697,No,No,0.7280934953313272,91486985,12053257
SUB286,Delta Insure,Wholesaler,Platinum,0.5606480238270695,Manufacturing,124,6,TX,47232028,17699780,8137547,No,Yes,0.6260999928295528,25049484,4636119
SUB287,Beta Cover,Portal,Bronze,0.7880069116396068,Hospitality,184,5,IL,94392751,8342184,770001,No,No,0.7830659436948229,96716175,2667108
SUB288,CoreTrust,Wholesaler,Platinum,0.3627751073813267,Warehousing,225,6,FL,65937214,10884014,5117631,Yes,Yes,0.7707601647915727,74475688,3853507
SUB289,Delta Insure,Email,Silver,0.3084738324447905,Manufacturing,272,1,NY,82720196,5144316,1899298,Yes,No,0.761648345590852,13429985,17450961
SUB290,Delta Insure,API,Silver,0.6850791058785479,Manufacturing,147,7,CA,24331509,3571888,4647413,No,No,0.5213774997944683,42958628,17105466
SUB291,Beta Cover,API,Silver,0.7035777686824413,Real Estate,232,9,TX,91489577,10631993,6357109,Yes,Yes,0.7562774184661818,46368700,19931543
SUB292,Beta Cover,Wholesaler,Silver,0.3601036145602881,Real Estate,174,2,TX,76790262,10557492,1282409,No,No,0.7344906336329632,35623125,5070081
SUB293,Delta Insure,API,Platinum,0.432791416479303,Manufacturing,86,5,CA,27367788,7637812,8376146,Yes,No,0.5310538841018393,8058175,10538735
SUB294,Alpha Risk,Email,Silver,0.30877618168331444,Hospitality,61,4,IL,15897788,2648600,1213391,No,Yes,0.5322242976308665,46153141,17614866
SUB295,Delta Insure,API,Platinum,0.44665430539028234,Manufacturing,92,6,CA,35641113,5298245,6255536,Yes,No,0.5303491434552624,31448840,4917000
SUB296,Delta Insure,Wholesaler,Bronze,0.6865709369593358,Retail,41,6,FL,10831398,12404855,837164,Yes,Yes,0.5033997779613463,42787255,11603512
SUB297,Beta Cover,Email,Silver,0.5589802638562895,Warehousing,92,2,CA,23784924,18862620,8369815,No,No,0.6645902915583751,20016881,9173542
SUB298,Beta Cover,Wholesaler,Gold,0.47404779658414403,Hospitality,226,2,TX,76468851,6887702,3263779,No,No,0.792018287430813,76441338,3350716
SUB299,Delta Insure,API,Silver,0.48586964745316513,Retail,121,4,CA,35187141,2226861,3358214,No,Yes,0.631605410869938,47152021,13876169
SUB300,Delta Insure,Wholesaler,Silver,0.30067681285773407,Hospitality,30,1,NY,20975814,3879337,2734967,No,No,0.6622272505662069,30125802,11208064
SUB301,Delta Insure,Wholesaler,Platinum,0.44990026378261794,Retail,219,9,FL,58828452,2151723,2520880,No,Yes,0.7903909390309867,20347578,19041224
SUB302,Beta Cover,Portal,Silver,0.6232293708189652,Warehousing,37,7,CA,35628404,17926155,7419219,Yes,Yes,0.5765546686322692,48515328,17159419
SUB303,Delta Insure,API,Gold,0.7870972219081785,Warehousing,282,7,TX,67064465,4789133,4743780,No,Yes,0.7575410757794789,24228944,3768654
SUB304,Delta Insure,API,Platinum,0.7235304134919498,Real Estate,118,3,FL,46760726,4278465,4393193,No,No,0.6639171401635209,11104587,8061944
SUB305,FastBind,Wholesaler,Platinum,0.31179748232276455,Retail,115,3,TX,11805995,5808297,6181868,No,No,0.6708429543989033,4423604,14708181
SUB306,Alpha Risk,Portal,Bronze,0.7492803023374197,Real Estate,121,1,IL,26302821,17775920,1755959,Yes,Yes,0.6029521571621851,11897502,12569471
SUB307,CoreTrust,API,Bronze,0.691599206649313,Retail,68,3,NY,37931514,12249698,2613687,No,No,0.6684753082900725,36398780,7057174
SUB308,Alpha Risk,Email,Silver,0.6901880617854902,Real Estate,52,3,IL,6397955,5343762,7120090,No,No,0.5219427528434852,1759848,3233414
SUB309,FastBind,Wholesaler,Bronze,0.5289978795017858,Warehousing,217,4,NY,78013358,8331691,2119426,No,No,0.7293930717842336,84209146,11031671
SUB310,CoreTrust,API,Bronze,0.4990026464772514,Hospitality,81,4,CA,34145634,11364870,7505351,Yes,Yes,0.5854063284632816,27575101,7134678
SUB311,Delta Insure,Email,Bronze,0.4514578644165963,Real Estate,153,3,FL,98427738,11760201,8070095,Yes,No,0.7662824988481866,40543878,9392939
SUB312,FastBind,API,Platinum,0.3328474294771829,Retail,76,8,CA,41574011,9518124,2638421,No,Yes,0.6103552083822376,32952342,19343192
SUB313,Delta Insure,Email,Platinum,0.41411768174684954,Retail,50,8,NY,14095769,18573825,5523198,Yes,No,0.5428472331460648,10181252,16911898
SUB314,Beta Cover,Wholesaler,Platinum,0.4233018174890123,Warehousing,254,1,NY,54650291,3709684,9809239,No,No,0.7087644723105455,11539152,4976808
SUB315,FastBind,API,Bronze,0.5420385348551008,Retail,95,7,NY,47024187,128885,9173899,Yes,Yes,0.5493734434140508,18601053,9601462
SUB316,Beta Cover,API,Platinum,0.673722203298347,Manufacturing,156,2,TX,74427527,4690723,2149959,No,No,0.7261041546628971,69113032,5744353
SUB317,FastBind,Portal,Bronze,0.5369049141989732,Hospitality,198,1,FL,85146495,19689969,7559916,Yes,Yes,0.790433670921835,74302341,19330632
SUB318,FastBind,Wholesaler,Platinum,0.3289222247235803,Real Estate,165,3,CA,91821034,4689764,2688077,No,No,0.7338658606385786,10841618,3956156
SUB319,Beta Cover,Email,Platinum,0.7788949004941019,Hospitality,46,4,CA,44676034,3229985,5284973,No,Yes,0.5067347745293974,10350351,16030066
SUB320,CoreTrust,API,Gold,0.7713621595470561,Warehousing,113,6,IL,19061279,18256555,4269484,Yes,No,0.6799657364158325,34272020,2133243
SUB321,Alpha Risk,API,Silver,0.6925947715742042,Real Estate,236,5,NY,90066756,18995952,1790906,No,No,0.7086232012909173,32768449,1004677
SUB322,Delta Insure,Email,Bronze,0.7956639507821103,Real Estate,247,4,NY,68995155,10332137,1935367,No,No,0.7476374977388855,48283556,9593188
SUB323,FastBind,Wholesaler,Gold,0.5722411664001315,Manufacturing,104,8,NY,20644301,17697189,8812048,No,Yes,0.5168006926817,18812556,17907550
SUB324,Delta Insure,Portal,Platinum,0.7813841751266031,Warehousing,63,4,CA,28183099,19527719,3746849,No,Yes,0.6440323483856859,12750687,17202721
SUB325,Beta Cover,Portal,Bronze,0.3378025203083754,Retail,62,2,IL,44993951,1218844,9154584,Yes,Yes,0.6606112617915183,42920558,17224424
SUB326,Delta Insure,API,Platinum,0.48284037413068565,Manufacturing,55,3,TX,11969369,11366354,2105196,No,No,0.5507374587932534,34657453,6827316
SUB327,Beta Cover,Email,Silver,0.4126906340033829,Manufacturing,95,6,FL,27938234,12284842,5887059,Yes,Yes,0.596734942913195,24858375,1558745
SUB328,Delta Insure,API,Gold,0.397916542067135,Hospitality,92,8,TX,13877241,5801048,1545851,Yes,Yes,0.6320665178768496,9388817,15884399
SUB329,Alpha Risk,Email,Silver,0.37040147444633803,Hospitality,236,8,CA,61659943,3994142,8966602,Yes,Yes,0.7499629063873405,85719543,16146580
SUB330,Alpha Risk,Portal,Gold,0.6112068207829984,Hospitality,190,9,NY,82228402,7142049,3164921,Yes,Yes,0.7788222698210621,64138275,13186651
SUB331,Alpha Risk,Wholesaler,Platinum,0.6906609278736525,Manufacturing,115,7,FL,49975994,15380763,1934730,No,Yes,0.42568456578353453,31518624,9582851
SUB332,Alpha Risk,Email,Silver,0.5891491997101803,Retail,11,2,CA,7371332,15938516,4571650,No,Yes,0.37898903720429244,16618940,15143933
SUB333,Alpha Risk,Portal,Silver,0.3734813547941048,Real Estate,24,8,CA,7783564,6326659,4854489,Yes,Yes,0.3508062035597972,11347492,13840143
SUB334,Alpha Risk,API,Platinum,0.7055618849667354,Hospitality,39,7,CA,27866176,9735337,2458615,No,Yes,0.4964270368872301,48516748,3870741
SUB335,Beta Cover,Email,Silver,0.6179773535818642,Retail,44,8,FL,46355189,2881652,7002483,Yes,Yes,0.4966039996152717,6473024,8910091
SUB336,FastBind,Wholesaler,Bronze,0.49408285306349775,Warehousing,71,3,FL,46138186,2191219,1478534,No,Yes,0.48499538964700695,29173270,1617423
SUB337,Delta Insure,API,Gold,0.6370651477680315,Hospitality,122,7,IL,11629383,4317635,8201516,No,No,0.45713382997556384,33773607,9979250
SUB338,Alpha Risk,API,Gold,0.4299524896214164,Real Estate,26,9,IL,3665880,11872777,9784276,No,No,0.3651559087491236,716194,3865893
SUB339,Beta Cover,Portal,Gold,0.47259610424710524,Warehousing,89,3,TX,18138855,8936621,1818155,Yes,Yes,0.46340009669952614,3454082,11391977
SUB340,Beta Cover,Email,Bronze,0.7587429215659951,Warehousing,18,6,FL,36968983,19163535,1484588,Yes,No,0.3817586034542345,6974467,2250844
SUB341,Beta Cover,API,Gold,0.4452522528357102,Real Estate,27,2,FL,19623468,1031253,4949399,No,No,0.365354619631009,4097326,1916094
SUB342,FastBind,Wholesaler,Platinum,0.5349941340789683,Hospitality,65,2,FL,29437987,14344820,4502761,Yes,Yes,0.4489730716932559,23534338,10475593
SUB343,Delta Insure,Email,Silver,0.7450705686980073,Manufacturing,18,5,IL,28957887,1944053,981632,Yes,Yes,0.31593078552408455,11084422,1246889
SUB344,FastBind,Wholesaler,Bronze,0.6538606751337637,Real Estate,25,5,CA,39467326,15062324,8223047,No,Yes,0.30971254465913234,16096347,15829521
SUB345,CoreTrust,API,Gold,0.33110161308235136,Real Estate,13,7,NY,1366042,17420171,7041173,Yes,No,0.3895907394362371,7164677,19242304
SUB346,Beta Cover,Wholesaler,Platinum,0.37365152213948516,Real Estate,25,2,IL,33968430,14068689,8498799,No,Yes,0.3891277601644324,1534023,14458496
SUB347,CoreTrust,Portal,Silver,0.3039207953859584,Warehousing,80,7,FL,45005838,13758790,5775820,No,No,0.479128830612767,42731520,15756739
SUB348,Alpha Risk,Wholesaler,Silver,0.6154608951145817,Retail,10,5,IL,20041597,12038835,9418562,No,Yes,0.32523061925756336,9282153,5184251
SUB349,Alpha Risk,Email,Bronze,0.5238367127052092,Manufacturing,15,6,TX,16943412,3407735,8139298,Yes,No,0.32465678549048255,17577979,12500860
SUB350,FastBind,Wholesaler,Bronze,0.36713742545113776,Hospitality,19,8,FL,27503724,10286886,7996196,No,No,0.3294905200949802,4349182,7838163
SUB351,Delta Insure,Wholesaler,Bronze,0.7789670605283852,Hospitality,25,4,TX,43808088,11942981,5604138,No,Yes,0.3059472522589205,18841674,6236840
SUB352,CoreTrust,Portal,Platinum,0.5648298619728099,Retail,13,7,FL,44219177,2153413,526505,Yes,Yes,0.3143463475629817,8419584,16954465
SUB353,Delta Insure,Wholesaler,Platinum,0.4209466470564446,Real Estate,147,6,IL,38433276,13477212,2150375,Yes,No,0.4319739733658078,27832808,2743227
SUB354,FastBind,Wholesaler,Bronze,0.5503017855773538,Manufacturing,22,2,CA,42081899,15120117,712204,Yes,No,0.38631686582350183,4742154,11760301
SUB355,Alpha Risk,API,Gold,0.639810166367554,Hospitality,109,8,NY,11910957,1757387,7550305,Yes,Yes,0.4527206134176027,36132018,8660064
SUB356,Delta Insure,API,Silver,0.3381196089867822,Hospitality,145,9,TX,16047853,2891241,9416776,No,Yes,0.49851954371633206,5474220,16763809
SUB357,Delta Insure,Email,Silver,0.437351907523946,Real Estate,122,5,IL,7503821,8137821,1473215,Yes,No,0.43180693621980026,9736857,18363686
SUB358,Alpha Risk,API,Platinum,0.7034827454419967,Retail,15,4,CA,35793101,18098201,1067827,Yes,Yes,0.31009111412402474,1486275,1177216
SUB359,CoreTrust,API,Silver,0.5298324352013306,Manufacturing,20,6,IL,33580032,12067877,8825857,Yes,No,0.3209125729508683,16910707,19953728
SUB360,Alpha Risk,API,Gold,0.5732885710161475,Retail,117,8,TX,23969167,2704325,1767633,Yes,Yes,0.4762008169629416,35964556,4683460
SUB361,Delta Insure,API,Silver,0.5164080011047346,Retail,122,3,NY,12051398,2861623,4184815,No,Yes,0.4054991889116523,27780164,9512270
SUB362,CoreTrust,Portal,Platinum,0.32194997132150255,Manufacturing,32,1,IL,30116366,18554066,2526182,Yes,Yes,0.464967431879148,4394020,19595568
SUB363,CoreTrust,API,Platinum,0.38287488991007795,Manufacturing,81,4,FL,29206167,3883799,5138246,No,No,0.4713224672449852,10860685,3894558
SUB364,Alpha Risk,Portal,Gold,0.5227708193709455,Hospitality,103,4,CA,36442302,16040295,8937392,Yes,Yes,0.48553490829990387,18587802,2480175
SUB365,Delta Insure,Portal,Gold,0.4045927327039639,Hospitality,89,1,IL,22382966,5809716,8877900,No,No,0.48996584109727315,32471719,2829484
SUB366,FastBind,API,Silver,0.32498951432983936,Manufacturing,92,9,CA,37146888,10345367,2710186,No,Yes,0.41096515930066124,10817539,19444906
SUB367,Delta Insure,Wholesaler,Silver,0.7218248320259119,Warehousing,10,3,FL,25148407,532184,3031196,Yes,No,0.36820403445120675,18877042,15515568
SUB368,Beta Cover,Portal,Platinum,0.7905962645820579,Hospitality,81,5,NY,9236343,9698333,3700090,No,No,0.49237297486959974,32380142,11357644
SUB369,FastBind,Wholesaler,Gold,0.6965714369983698,Warehousing,136,6,NY,24631630,19214022,553997,Yes,Yes,0.4094812812002451,29026421,8217037
SUB370,CoreTrust,Wholesaler,Gold,0.7268924608523335,Manufacturing,21,8,FL,10484984,7617201,4875717,No,No,0.3128505445909222,18625699,6017226
SUB371,FastBind,API,Gold,0.4209885651585227,Hospitality,43,6,CA,49343097,19785303,6107423,No,No,0.428555310011973,47253533,13300059
SUB372,CoreTrust,Email,Silver,0.7803134877565998,Retail,118,3,IL,34979042,758139,9689589,No,No,0.41753695007900216,27324690,3746153
SUB373,CoreTrust,API,Gold,0.3984628522267142,Manufacturing,101,6,FL,20847008,19847640,3440504,Yes,No,0.4791585745789412,1981598,15657634
SUB374,FastBind,Email,Platinum,0.7757149051809161,Real Estate,136,1,TX,7796175,15960467,5434990,No,Yes,0.4306374378315625,10348148,18881404
SUB375,CoreTrust,Email,Platinum,0.7974096469829755,Warehousing,13,4,CA,8945223,6692863,8557907,Yes,Yes,0.3698104848923103,12076635,16304826
SUB376,CoreTrust,API,Silver,0.6558614028730243,Manufacturing,57,6,NY,41609500,8334955,6221877,No,Yes,0.4932451451411641,42974581,13098334
SUB377,Beta Cover,API,Bronze,0.7905718658959109,Manufacturing,100,7,FL,43916310,13509459,9459601,No,No,0.4603238971964067,17064329,17988679
SUB378,Delta Insure,Email,Silver,0.5847698897835518,Hospitality,39,3,NY,43177319,12959305,6356494,No,No,0.4260835236762709,43418799,11056396
SUB379,Delta Insure,API,Bronze,0.42977089158804516,Hospitality,28,9,CA,21436464,19938697,8260004,No,Yes,0.3585850406806246,3344510,18045818
SUB380,Beta Cover,Email,Gold,0.5184979428328105,Hospitality,13,7,NY,7166197,8788458,6602493,No,Yes,0.3747080592628591,4823492,3394820
SUB381,FastBind,Wholesaler,Silver,0.596780467689393,Real Estate,95,1,FL,33633590,12439990,3093449,No,No,0.4339939848193313,17985366,11579914
SUB382,Alpha Risk,API,Platinum,0.3365407810135075,Hospitality,27,2,CA,49229050,16719576,1518543,Yes,Yes,0.3143961636926643,19850554,13235311
SUB383,Alpha Risk,Wholesaler,Gold,0.611171632308623,Manufacturing,23,1,TX,1837876,13322119,9273713,Yes,Yes,0.3513361183300527,2358777,3507720
SUB384,Alpha Risk,Portal,Platinum,0.7905889183811472,Hospitality,45,9,FL,16437533,403446,7274870,Yes,No,0.4427801866793196,7510529,4742849
SUB385,Beta Cover,Wholesaler,Gold,0.3950538248918638,Retail,20,9,IL,32519028,3471484,7604527,No,Yes,0.3960037019689242,17757836,1114560
SUB386,Beta Cover,Wholesaler,Silver,0.6962975581441917,Hospitality,19,7,FL,20566746,1498558,4727234,Yes,No,0.38047871296288605,5435500,6115011
SUB387,CoreTrust,Email,Bronze,0.7539493968898097,Real Estate,26,3,CA,9512686,2861158,1621889,No,Yes,0.33029152448008287,5363099,19127203
SUB388,Alpha Risk,Wholesaler,Gold,0.7718507964101105,Retail,23,5,FL,47940274,1817479,9637819,Yes,No,0.3883698068955465,5419314,13096565
SUB389,FastBind,API,Bronze,0.7800678022027236,Manufacturing,51,4,TX,12835958,1145716,3758881,Yes,No,0.45413839415204676,24770368,1549656
SUB390,FastBind,Email,Gold,0.560729819360736,Manufacturing,13,7,TX,6923808,3923873,4131453,No,No,0.3528025692143786,1622207,17592258
SUB391,Alpha Risk,Portal,Platinum,0.7886539539957518,Warehousing,28,9,IL,30739307,19839153,7024367,No,No,0.3010797084367355,19968143,15077387
SUB392,Alpha Risk,API,Platinum,0.6786551035672195,Retail,95,2,NY,7950161,11423620,5838938,Yes,No,0.43370098023019654,28748801,11486561
SUB393,Alpha Risk,Portal,Gold,0.38083571811848094,Warehousing,68,8,CA,43116111,3793793,2685028,Yes,Yes,0.4945253208865105,34981989,19603845
SUB394,Beta Cover,Wholesaler,Bronze,0.538450053233985,Retail,102,9,CA,31198027,16274882,5303958,Yes,Yes,0.4213653127177166,11204207,9289985
SUB395,Beta Cover,API,Silver,0.659165587686002,Retail,28,9,NY,24754131,6215762,9426299,Yes,Yes,0.323984371785426,12086122,9480287
SUB396,Beta Cover,API,Silver,0.42367015790954166,Real Estate,25,7,TX,7725311,10609308,3987924,No,No,0.3641466184689346,19442672,12166825
SUB397,Delta Insure,Portal,Platinum,0.6203075917744436,Warehousing,83,9,TX,15771386,2653589,1272838,Yes,Yes,0.4735283229440447,42072050,19116299
SUB398,FastBind,API,Silver,0.6333002395233096,Real Estate,25,9,FL,8671388,18575629,761420,No,No,0.3465136148513657,14776714,6404672
SUB399,FastBind,API,Platinum,0.38134987190428293,Retail,47,3,IL,27468573,13127415,977843,No,No,0.4215391806995216,42321659,4703367
SUB400,CoreTrust,API,Silver,0.5825426562263781,Manufacturing,20,4,IL,31388953,237799,5029943,Yes,Yes,0.3805342416507996,17761319,8975343
SUB401,Beta Cover,Wholesaler,Gold,0.6858134554893038,Retail,16,2,IL,30840661,8670397,5052538,No,No,0.3415687442839298,2652259,6934385
SUB402,Delta Insure,Portal,Platinum,0.549447832267971,Real Estate,134,3,FL,45662368,4270163,2325260,Yes,Yes,0.4626813787129359,28785034,14195148
SUB403,Delta Insure,API,Platinum,0.3060515583880537,Warehousing,97,5,IL,8017721,4728656,5275833,No,No,0.44856625529313804,4390919,16947828
SUB404,FastBind,Email,Gold,0.3045192345396461,Warehousing,54,5,NY,18297966,5982049,4687694,No,No,0.43231821319185304,44648136,13377003
SUB405,Beta Cover,Email,Platinum,0.4785146719850061,Real Estate,22,6,FL,6653020,5788505,3599834,Yes,Yes,0.3472673180537502,7531119,17954692
SUB406,CoreTrust,Email,Silver,0.7630970342158909,Warehousing,13,7,NY,13974549,9290617,7271158,No,No,0.31957140054329,4955237,2199217
SUB407,Beta Cover,Email,Silver,0.4143383898018044,Hospitality,80,7,FL,29177452,4406080,4064507,No,Yes,0.41523186596519324,6871348,9306042
SUB408,Alpha Risk,Wholesaler,Platinum,0.6171818444358436,Manufacturing,127,1,IL,9443131,14489772,4799489,Yes,No,0.4107355667078867,36933652,14507188
SUB409,Beta Cover,API,Silver,0.4110379353466603,Manufacturing,18,2,NY,26411080,6905080,3682132,No,Yes,0.3376770018669746,4019065,3949908
SUB410,Alpha Risk,Portal,Bronze,0.4608349948297743,Manufacturing,21,9,NY,45061710,17090019,3940863,No,No,0.31124933886303446,2284210,13402488
SUB411,Alpha Risk,API,Platinum,0.724021044800742,Warehousing,11,2,NY,18187491,19133129,8486322,Yes,Yes,0.3161416908387972,5698363,2931441
SUB412,CoreTrust,Wholesaler,Gold,0.6644307211349734,Warehousing,131,6,FL,12887372,10942852,7137448,Yes,Yes,0.49855419730254674,8341127,18042249
SUB413,FastBind,Email,Bronze,0.3476996386566053,Retail,34,1,CA,23606426,4315645,7635580,No,No,0.45671677894857676,3463501,14116769
SUB414,Beta Cover,Wholesaler,Platinum,0.5143510104932167,Retail,91,3,IL,5594091,2970581,5302738,No,Yes,0.48439749519303454,27910743,14716680
SUB415,Alpha Risk,API,Gold,0.3145848818226322,Manufacturing,14,2,NY,11363368,8220459,7279651,No,No,0.33901094444727264,9917327,13313453
SUB416,Beta Cover,Portal,Silver,0.5404450733015045,Hospitality,81,3,CA,45128075,11983287,8371490,Yes,No,0.492113707264687,10975595,7499998
SUB417,FastBind,Wholesaler,Gold,0.631217005850534,Retail,14,5,IL,36646627,6700500,644375,No,Yes,0.3285308702946324,3319127,10545257
SUB418,FastBind,Portal,Bronze,0.35925131179907577,Retail,88,6,IL,15149436,16956056,8173919,No,Yes,0.4018163657132942,7779865,16199299
SUB419,Delta Insure,Wholesaler,Silver,0.4444424694545828,Warehousing,97,9,NY,48113447,5508647,6213948,No,Yes,0.4659391368834128,39580446,13090693
SUB420,FastBind,Portal,Platinum,0.49891831275107845,Hospitality,18,4,NY,35323408,261297,4729491,No,Yes,0.3699606709023159,19210135,7111053
SUB421,CoreTrust,Portal,Silver,0.7597655123280249,Manufacturing,19,7,FL,16614708,2031375,8560426,No,Yes,0.3849657066353801,11037759,16100611
SUB422,Alpha Risk,Email,Platinum,0.7966275077114819,Retail,25,6,CA,5631004,4343460,5683584,No,No,0.32563702205981954,10754769,1842329
SUB423,Delta Insure,Portal,Platinum,0.3224556494978079,Hospitality,19,2,CA,35797949,2405433,9545861,Yes,Yes,0.32458437599979456,16065219,10582190
SUB424,CoreTrust,Email,Gold,0.680503961747696,Hospitality,135,8,NY,32058432,6026069,6411993,Yes,No,0.4239136449557319,9731896,8743343
SUB425,Beta Cover,API,Gold,0.4858620332011716,Manufacturing,90,7,IL,44700211,6839202,3683818,No,Yes,0.43510647372401134,36556939,15116198
SUB426,Alpha Risk,API,Gold,0.49622909311474,Hospitality,80,7,NY,26312161,2187001,2018560,No,Yes,0.45546650281643863,3652808,10277584
SUB427,FastBind,Email,Bronze,0.6771324866735113,Hospitality,39,8,IL,47575939,19558938,2394420,Yes,Yes,0.4113364105363507,13260515,10980178
SUB428,Alpha Risk,Email,Bronze,0.7592132160727043,Hospitality,35,1,IL,25060503,3555673,7569222,Yes,No,0.42915185845226117,14692648,1174588
SUB429,Beta Cover,Wholesaler,Gold,0.7754642972512742,Retail,26,1,NY,38547284,7705502,8158206,Yes,Yes,0.302703454339944,15452923,4773618
SUB430,Delta Insure,Wholesaler,Bronze,0.5885612930191604,Manufacturing,14,8,TX,29550592,1831530,1041797,No,No,0.3324341454274376,16703557,17218864
SUB431,Delta Insure,Wholesaler,Silver,0.4785605796502514,Hospitality,99,4,CA,20482856,5458699,9580897,No,No,0.49698295320338093,11877097,2530332
SUB432,Delta Insure,API,Silver,0.6937745429293896,Hospitality,24,5,IL,42861378,11901243,8805827,No,No,0.31519870126316635,18635509,13707658
SUB433,FastBind,Wholesaler,Bronze,0.4255006916311501,Retail,118,8,IL,16243499,6873329,7057642,No,Yes,0.435757644452049,36465560,5739023
SUB434,CoreTrust,Portal,Bronze,0.5820370144167588,Manufacturing,28,5,TX,32154482,8630508,5936526,Yes,No,0.3352165266063432,5256497,8527837
SUB435,CoreTrust,Portal,Silver,0.47928923076243657,Warehousing,79,4,FL,26962191,5652612,8139377,Yes,Yes,0.4433437171535284,6133381,15330983
SUB436,Alpha Risk,Wholesaler,Platinum,0.628315536853938,Retail,33,6,TX,19945225,7189109,2296218,Yes,No,0.4411980805923987,39402675,18810506
SUB437,FastBind,Portal,Silver,0.42019945644675344,Manufacturing,17,5,TX,39097141,6929313,1052226,Yes,Yes,0.34683981195761804,19702574,5625535
SUB438,Delta Insure,API,Silver,0.3957964728674129,Hospitality,25,7,IL,15403194,11862302,8014782,No,No,0.35392687984384086,12632015,14338310
SUB439,Delta Insure,Portal,Bronze,0.7591195433377185,Manufacturing,61,7,CA,29561413,14817924,5598907,No,Yes,0.43095414272041765,42200071,7847129
SUB440,Beta Cover,API,Silver,0.35090184147476844,Manufacturing,28,4,TX,2762204,14982694,9149318,Yes,Yes,0.37801720775604275,4417430,12835157
SUB441,Beta Cover,Email,Bronze,0.5529789538674659,Manufacturing,29,5,FL,30950736,12466105,7639608,Yes,Yes,0.33890959393998227,10740187,9870046
SUB442,Delta Insure,Email,Bronze,0.41042639148150445,Warehousing,128,3,NY,15448244,9157483,8207690,Yes,No,0.4463359197574963,32423484,5768424
SUB443,Delta Insure,Email,Gold,0.3194649816628337,Manufacturing,19,4,TX,4380795,4890287,7503621,Yes,No,0.3308295048672668,14128984,19035758
SUB444,FastBind,Email,Silver,0.3180094091457132,Warehousing,63,4,TX,46631125,17130294,4303074,Yes,Yes,0.4711287328289893,6544223,10509388
SUB445,CoreTrust,Portal,Platinum,0.38761088605291366,Hospitality,65,3,FL,33707964,15546951,7916510,No,No,0.4029339048103655,29694421,11531544
SUB446,Beta Cover,Wholesaler,Gold,0.7333851772530001,Warehousing,15,5,CA,5531536,17246109,9826801,No,No,0.3211401207758601,13492054,8349953
SUB447,CoreTrust,Portal,Bronze,0.4412393719885133,Hospitality,72,5,TX,43978098,3201883,7967133,Yes,No,0.43881446670619684,40497144,17547400
SUB448,FastBind,API,Bronze,0.7752295852876478,Hospitality,139,7,TX,45700855,815295,4007145,Yes,No,0.4038326079149081,32811340,14196706
SUB449,Delta Insure,Portal,Platinum,0.5908111464945968,Warehousing,25,4,CA,3278569,18756014,2278244,Yes,No,0.3596115143589619,1671758,13085332
SUB450,CoreTrust,Portal,Bronze,0.5183070948843831,Retail,28,4,FL,7532134,1154212,5282337,No,No,0.384507876044771,12579190,2591711
SUB451,Delta Insure,API,Silver,0.5900444173347272,Real Estate,11,9,TX,30278276,19235946,1680859,No,No,0.35966754871749973,17202269,19406069
SUB452,Delta Insure,Email,Gold,0.5583491926131339,Manufacturing,26,6,CA,34897707,3585001,7233214,No,Yes,0.35260516714855683,5776085,3058721
SUB453,Alpha Risk,Email,Bronze,0.6793881268786626,Real Estate,18,4,TX,10459247,2180563,2480425,Yes,Yes,0.3327216841687424,7685180,19737607
SUB454,CoreTrust,Email,Bronze,0.4412480329864261,Manufacturing,26,2,NY,34147260,16056333,7941521,No,No,0.3725534266274952,18219855,16733562
SUB455,CoreTrust,Wholesaler,Platinum,0.4765251958001512,Manufacturing,24,6,IL,12999288,5343534,8577813,Yes,Yes,0.35019744126321417,8523556,8392367
SUB456,Delta Insure,API,Silver,0.7470471512666254,Hospitality,123,2,NY,11118225,11165982,8194420,No,Yes,0.43668689741078337,27157817,5076773
SUB457,FastBind,API,Bronze,0.7732282565752027,Manufacturing,132,5,TX,23002835,11213511,3441616,No,Yes,0.4367753482326613,48486626,16486047
SUB458,Alpha Risk,Portal,Platinum,0.7462791137432372,Manufacturing,83,6,FL,15496324,17003067,2974370,No,No,0.40036804851112767,44453942,6393333
SUB459,Delta Insure,Wholesaler,Bronze,0.5097239969786568,Warehousing,84,4,IL,33029388,19527743,6104297,Yes,No,0.4555889054940642,24876708,14482663
SUB460,Beta Cover,Email,Platinum,0.6901827515034409,Real Estate,124,3,NY,25439883,4961282,7605924,Yes,No,0.4682679438012096,28614790,5512121
SUB461,Beta Cover,Wholesaler,Platinum,0.5381678666505494,Warehousing,48,7,CA,15797629,17672094,2578937,No,No,0.4159532914868546,29662434,7908008
SUB462,Alpha Risk,API,Silver,0.5487699260730511,Manufacturing,91,2,FL,7203092,2153262,9415948,Yes,No,0.42378703255268674,12138188,9447680
SUB463,FastBind,API,Bronze,0.40234005452864197,Hospitality,12,6,NY,22948964,18814351,1855097,Yes,Yes,0.35657718195727306,13185449,12864040
SUB464,Delta Insure,Portal,Silver,0.5955651516292582,Warehousing,122,4,CA,24460741,2172171,2555397,Yes,No,0.47897384014110395,11207809,6900726
SUB465,CoreTrust,Portal,Platinum,0.39306794887667396,Warehousing,10,6,TX,27486809,5560388,1579037,Yes,Yes,0.30484120888450594,18557496,19941059
SUB466,Alpha Risk,API,Gold,0.4657823495335969,Retail,13,4,CA,14772265,14374198,4651951,Yes,No,0.36972049388856915,5486518,13423549
SUB467,FastBind,Email,Bronze,0.7275151008099676,Manufacturing,57,4,NY,34546479,10967948,3655200,Yes,Yes,0.4443600843099712,38282093,9778570
SUB468,CoreTrust,Email,Gold,0.4035379046054276,Hospitality,27,4,NY,44578375,1300346,1355695,Yes,No,0.31601790193423224,10564981,17092709
SUB469,Beta Cover,Wholesaler,Bronze,0.3355791425867164,Warehousing,17,9,TX,29402632,15215750,612036,No,No,0.3366339054856585,1779372,5131279
SUB470,Beta Cover,API,Silver,0.33450379630640814,Warehousing,48,7,CA,5456195,12472428,4331854,Yes,No,0.41785714557257025,38649660,10331137
SUB471,CoreTrust,API,Silver,0.7703922602515539,Hospitality,84,3,CA,9512276,1860399,1389694,Yes,No,0.4119987342927116,31175764,14346122
SUB472,Alpha Risk,Email,Silver,0.5534602189809172,Manufacturing,148,3,TX,40094430,14858076,1090348,No,No,0.44778565922619096,15172928,13328616
SUB473,Beta Cover,Email,Silver,0.5047060359085092,Retail,86,6,CA,48623911,6236062,8195082,No,No,0.46252252781763437,6767034,10975746
SUB474,Delta Insure,API,Silver,0.7054392905039593,Warehousing,15,6,TX,15196710,15693539,9797729,No,Yes,0.3257159157023338,9337010,3086172
SUB475,CoreTrust,Portal,Gold,0.7179129639552579,Retail,10,4,FL,5973198,11573511,4566981,No,No,0.3036761979550484,2949851,2365265
SUB476,CoreTrust,API,Silver,0.4660955165578023,Real Estate,37,9,NY,15338036,12623855,4967801,Yes,Yes,0.4379277039317812,7507552,4242222
SUB477,Beta Cover,API,Platinum,0.6468090287368976,Manufacturing,10,4,FL,44690928,16777534,2683525,No,No,0.36027835915327183,9170441,10710622
SUB478,Alpha Risk,Email,Platinum,0.6855614079259433,Real Estate,80,9,IL,6528362,13763640,1193464,No,Yes,0.42519678278359074,36996979,9677177
SUB479,Delta Insure,Email,Gold,0.6273253434329773,Real Estate,20,4,IL,27194344,4243403,9607338,Yes,Yes,0.33010891761244493,1736968,16703721
SUB480,Alpha Risk,Portal,Bronze,0.3757975374000497,Real Estate,24,2,IL,44316408,2303531,2077415,Yes,Yes,0.3938080093331926,3578882,14545406
SUB481,FastBind,Portal,Platinum,0.7379415417585284,Manufacturing,84,2,TX,25478555,17946628,4762663,Yes,Yes,0.40088494921268736,27925851,4776764
SUB482,FastBind,Wholesaler,Bronze,0.5695472763680043,Manufacturing,93,5,CA,22658253,10521231,4093824,No,Yes,0.41701556327464323,36542454,19292754
SUB483,Beta Cover,API,Gold,0.44123621318500184,Hospitality,136,4,FL,16789876,3403131,5168223,Yes,Yes,0.40263400326611287,39836024,17635015
SUB484,Beta Cover,Email,Bronze,0.512614092718847,Retail,28,7,FL,9643155,19830244,8536837,No,No,0.39913815404574277,16540416,12788510
SUB485,Beta Cover,Portal,Bronze,0.3187855451994537,Retail,19,5,FL,14379659,7590291,1858356,Yes,Yes,0.3665468307967711,16773406,19970064
SUB486,FastBind,Wholesaler,Bronze,0.36393340061120877,Hospitality,21,6,FL,24378784,17274811,2015719,Yes,No,0.31423604726361726,3693796,3773219
SUB487,Alpha Risk,Wholesaler,Bronze,0.6827733752579304,Hospitality,10,4,IL,34187735,6288343,4641426,No,No,0.31790403935936845,8982216,19421389
SUB488,Alpha Risk,Email,Gold,0.30000581737768306,Real Estate,16,2,FL,20145619,15386370,9704725,Yes,Yes,0.3867556548814307,12168300,10357832
SUB489,Beta Cover,Email,Platinum,0.508282914241146,Hospitality,26,9,CA,10951940,3893092,1337566,Yes,Yes,0.3711586255641986,3549307,9625044
SUB490,Delta Insure,Wholesaler,Silver,0.5612550905427942,Warehousing,90,7,IL,16065829,1831041,7142516,Yes,No,0.40322696093489957,47465821,6545636
SUB491,Alpha Risk,Portal,Bronze,0.32731721000048614,Retail,19,4,FL,32723293,6213100,8983063,Yes,Yes,0.3609676338512534,3301818,16161311
SUB492,FastBind,Wholesaler,Platinum,0.7865390814861664,Hospitality,60,3,TX,17479210,16568585,8623155,Yes,Yes,0.43758201829106486,23696802,19991394
SUB493,CoreTrust,API,Platinum,0.41306266562483596,Warehousing,89,3,NY,9650215,16174092,1723981,No,Yes,0.4727909644019021,21822937,1074804
SUB494,CoreTrust,API,Gold,0.4520993598181404,Warehousing,15,9,NY,32910918,2517209,2836798,No,Yes,0.35977263775737356,19140248,13045998
SUB495,CoreTrust,Email,Platinum,0.45197125612751365,Warehousing,26,5,NY,31940963,17404141,2658344,Yes,Yes,0.3385968015878057,5444614,4789514
SUB496,Delta Insure,Portal,Gold,0.41520833105867494,Warehousing,27,3,IL,15410703,3025609,6983214,No,Yes,0.3232361148508178,8352016,19750087
SUB497,Beta Cover,Portal,Bronze,0.3007369110431557,Real Estate,66,5,FL,31502195,9245155,1335165,No,Yes,0.4232508081141625,25551282,2940483
SUB498,FastBind,API,Bronze,0.6646723970439982,Warehousing,27,2,IL,25436366,15141716,2234428,No,No,0.3887711982281139,8370267,7825711
SUB499,Delta Insure,Wholesaler,Silver,0.7834227498996427,Real Estate,26,4,CA,9412054,17483968,4322069,Yes,Yes,0.3376031434392578,8319488,2261402
SUB500,FastBind,Email,Silver,0.4121467416425225,Real Estate,147,2,TX,31383580,18216678,3644787,Yes,No,0.4306273466583711,28390168,15553939
